"0xec6c04B3e37Fe4EfFf664AE2a0fE16C2bf3a077C",5540
"0x48F950feADcA48417Ab7F79746689E4669069d61",108
"0x45D9578e5a6AF44233c2042db9b80cA9E017BfcA",4784
"0x943b22cA3E173E08F4bd21539eC4d8A7fa95f7BF",4941
"0x92E23d20FaC1E040B665242d3fEF2540A14FbbD3",144
"0x427fd3c907b8F9f0f359CEa88F42d4c512337697",5063
"0x38D1AB1Dc57351C75aB36a1eb4618de3c59c2D64",4815
"0x6991B1B4a340f2a25f48F50f12E481eaCD172452",5632
"0x2fdB67A10050c38c560E95bEC1B1d2f79Ed1a6C4",5555
"0x090652d4a2a6876987D2Bd32723b2C0a18012b8f",5612
"0x3b90c92c9F37bC37e8C3Ce5E7B9be677E4766DC4",5593
"0x40BBa648c144D5688Ec937626E8Ce84d2fB762Fc",69
"0x517142D493316150e8F411E9a7Aaebda6e611bD8",5098
"0x57Ecb4E2cFB250328033C4CAaa68cb4e4d1EF552",4875
"0x792A8c39Ff0395672850e354bA911D48fFc19cD5",4910
"0x1113c68048289c502fdC3Ea51D993Db47d452a02",5062
"0x6205372225212d734060660D7c46639bC2FAa9bC",5599
"0x576f17039a05E7479D31A192F84f1395A5adc281",80
"0xAbD1D93031df408f0a91B74096989856eE707f42",5625
"0x10c0B4009C057eD1dFF7ce1168087b6bc4f96910",5627
"0x4DF7F875785F0b981B02139d9a200578F4046301",5552
"0x55B27DBDf5ed21df699A1e152e2449CB6a0d19d8",68
"0xCCA1b82342A8DBea13B4012a292D1b674Fc1576F",5667
"0x4c7c93559cA68bf8D4D3976608BBf9a1A69CdF05",94
"0x46CD04cca3f250bC2F958AA361b5942577B0ec3d",5053
"0x1Da23BfBdef35Fa2579E95FE509649395D5a3E6b",4864
"0xA10891C3A01036fa4F45973080e95B7D4e0B6Dc4",4894
"0xba187A700EF62915f427F3bcd644b430d6Eb2211",4917
"0xE62A88569d9D1729E0BaFE149B50D733141d8497",5109
"0x9d75FA6B4dD666e073d5Bf15Cd1d5Ab73A2933f9",5584
"0x4CbBF33F4CFAaA8a467059a97eAA1B2F8521895C",5650
"0x5dA302617822144A51f2107Be45182Dc6F0f5821",5646
"0x5932978e846BFFe78cC51AA01C5FbF1919088AC8",4772
"0x040d4C46B67F44378037F0B83aC024f74B1232b1",4877
"0x648F7456C0A75Ae7D5080b1940B5e28A60F63B2E",5052
"0x0a4b102229C79d4bE3568e6FffeEE233Aad8FcD9",4892
"0x84b4a33C91D74901146c8aFCD981E3c2169eD891",5110
"0x654c64C65C106405C5Bc503043379B3fcEAf26B0",5569
"0x040EE0C505BD7d01dF47582b4944bfDB7c6Fa040",5108
"0x9CD3f7B237285B6c4DDc9FCa5680d2A98b2C7E33",5553
"0x55fab75dB6DCBC03cb2D62dCcd21d63967D454Ce",4973
"0x2B55931C76A3a302aAF7c25403606A154Af51FBA",5661
"0xd4793c373Af637e384d7c776ef5F585f97f93e69",4779
"0x53303893A13dC5494cc6fE6225A3ED7cAb117477",5580
"0x9B42B73724B690CbBaF9BE445e210b9bFf3Fe0F5",4801
"0x7A632e0DC7eAe936CB1E9ce178b25138252f315f",99
"0xC85b0c139f796fBcc8C2e4c301C6AfA52f66A532",127
"0xA9363dC18eF6aE1b70895F3F99552A53a06107A0",5539
"0xf0777c5674a050efeEE1f0265b77CD60149B5eA3",5575
"0x00dC591dCF57341c6FE4aD1Ecf565B50f9059C27",4860
"0x6026108e2e6dd0F6b7cd0a0D4AbB84F98e597fb9",5526
"0xd53EEa3c92083bC12Ee9bB96a94E2aA6F1CAd2e1",5069
"0xc09c43AA7944DcAb2AeDD52858FE1F812595b68b",4845
"0x53e1d1efE782daBa0F47Ce7b6d38BF7c39Aef0cF",5549
"0x3EC3BdF9361B792Be16500370c9E821947eDe272",5111
"0xfce0413BAD4E59f55946669E678EccFe87777777",141
"0xB632DAfD8672936B96988bB0E92ac9c19E346aB7",5582
"0x0Cce4dFaFcD9da758Ae591c338ed87c07Dd9c2CA",5002
"0xEE2AcB36Ca77796cbed6342EA983632627c31d66",4825
"0xa9550D66bF6C531ce19C439C242CEfA60f95F620",5075
"0xD21dA717eE1805325cd4f84cBEDcddf8Fc0a809c",4945
"0xB6F0F50A084A8fA6C120c3cFA49E873Da76d7154",5043
"0x184E1642E3Afcd1f4FdCC584CC70f969FAE3e3e1",59
"0x4051360c5bBfbD7d725Dab93996073FAc87F9EbB",112
"0x61e193e514DE408F57A648a641d9fcD412CdeD82",4851
"0x110f71d30BeF68d8B7aC947E1Eb3864EcBda3fd5",5120
"0x775358d922A528B1ad9DDB0032d7B6b0379f9504",5125
"0xa70e6fE4488104Be32B9B657F5Be7B68aFc17f9a",4792
"0x120546f4Ad4B76AfE2a93eF8A9a5ffEd2e880924",124
"0x08B08c7ea33Da94124a6644CD61E0B123B45Bfbf",4804
"0x4Fa0cBE29052b6c8Cff483913123F29e4c3a6ba1",4884
"0xd4a7272b22fC98B26BED563731d75E99B9eF9cB1",4781
"0x1F0b003674f05C140DC6e885066F4751EC4bFe20",5089
"0x6F573C2E95dd9fC5931C1C9BE4ecaDA38E986756",50
"0x94bC3101ab34cFe92Eb4C9B224Bf58fCD23E89Cb",5093
"0xFb1369548E5b8768CA2C3aDA0556606bD7d8B615",4768
"0x44ac10Ec729e111FDb93e03A6BFE842B2241aD1b",5038
"0x772D480FCa2F4A31D60171FA74AF412779D0027c",4961
"0xBeE7a5f666AC446975cCE6670539065aC2CeE550",5671
"0x26dD948fD1ddA8AfeEEF7Eb863265A5475A81F92",5020
"0x8002d46025b021eA176a64Bad4Eb1BE142d53b92",5548
"0x83DbFcDC82Afc70e67fa3aDfcb9bff4DA4C8d985",5585
"0xCD984C891E5CDEBa43f00F18152af52879E30997",71
"0x2690Bc6F4CB80179fE6Cee73a8735B7F6309a1b2",5080
"0x927bdd50D6800fd4d95EaD092D082d035426C463",4868
"0xc005c6b33b80F647802CB2FE019F9dF7F58FCf96",4984
"0xDe89db35d4AaA281904FACcf48033A66003eA50d",4886
"0xA844C81CB1AC280d2030a974f4295BabCCA785cE",4838
"0x718F81C8375b27099C7839dc7a94f35649DaA9a0",41
"0xBf09F5ccfF11712893b44cadCc2899EF32527655",5121
"0x6e3b7c3c4A98CDb22de261FA28EDB27635737D0a",145
"0x4C54a192810D990287BE53216ed4cE7BFdfCf04E",5631
"0x6C354f2B036B0655a377E466Cf23Ec59f5A2E1E9",5611
"0x9f44f8951544e574324a4b81dCcf1Fe05b40e1f8",128
"0x408eBfF682d88E2a3eEb4e8Ace7758d92066d06A",4847
"0xf556e48cc6e6895741502cD9ece6C63Cda667688",5105
"0x93805D7897d4843B1309f2Fdb7c83d4Fbf4c6110",4799
"0x3Dc761Bd2AeDa9EB16c6b13CBA359942a1BB2278",5598
"0x386F14517a46cdF085dB4BD6A6aE12B344074Dcd",4807
"0x119006d0628B0D8636565BD887a69bEd47d314De",5643
"0x28446A806BA4A4524d098503c2769BC40EEe1EcD",5106
"0x561d171b3f3691b122B3767CAbd5e86bE76ffdb5",5047
"0x03539A24bBc1549E7b928A4507781C6257842696",5608
"0x026b2B61A8657948eA1891BdE2a0E33b75eEBA3c",4999
"0xc4414Feb9cD077dbc0D490C6655EAA354F8f8653",5664
"0x6De9f92e8Fc249DFdf0490348A1506cE5A19954f",5114
"0xE2004838Ca260441A2363656F02fF90db78A495c",5100
"0x90dA8e873F379D6066E12d835eb19827953e6d5f",5124
"0x2E9BF5CA18b19dedaf5Be63A30556d9a3A9277e5",4912
"0xc8Fd4BbBDa7b6F813671F89dC94dafc18c940c59",4853
"0xd1f5412ffb6411C337077998098FC6d5Cba05926",4888
"0x957a072002a168bD7d9795Bb04F4dB2feAeDB2B3",4908
"0xFa47fAc719d3D7431A3cfFF8C43aF537CFBfE60c",4900
"0x28cAB084513Dd426BC95c21b61b3f8cf16Ebc31b",5532
"0xc1f9935Ac74E947758F6dc7c07f6eC8895709A36",5019
"0xfe83B2b1CBe8FD7135D4d6224DF4dd16d9De2604",4859
"0xFA8A95510087c36151887bA67FD1DadD69C08496",4947
"0xbF7811A377bf3e3F0AC813B7b9a3Bc7aCfEE6756",5587
"0xf224eAf200d6c5eb6B363Df6E8232151B65fE943",5101
"0x1AEf2eD581B49E76cb26CFb373E173E20C36BF29",5066
"0xdA74cC88b209923c84845067f4e228086022f17A",5570
"0xBb74239e6b33857523ec9B37a33c8fdF1d25d127",5620
"0x6753eCC6e0a9D792eE890ad1F84fbE44182853AE",5652
"0x3CC6Cc687870C972127E073E05b956A1eE270164",138
"0x6B69511c23e56Ad2a874F329308173C03fDc540f",5626
"0xb284bbf1864CbcFB2DfF29671Ff0487cD4873C87",5547
"0xFEA0b820D0B2F993a6c5B853385BAF4405438401",5011
"0x51b6f893223127d05e5260ACc44E9611252212FE",4885
"0x914Ba7d35b11223745Ea8Db273FDBA5E7726c420",5055
"0x6B9FAad970878e58e28611C57c4bcCF1eB1eFDcA",78
"0xb102e324e429eD7bBEB746B4e9E1589e66C5975b",5040
"0x64F7751d8393cA5a587cdB1d68719c694C7850bb",4904
"0x2d3dbCB2929AFe8e9aA700EF41D14fff85bb91f5",5013
"0x39ec0212D64214E6F9f17B9145279082245cC67c",123
"0x463a9f915e233824187Ac0456496B58A2c3F58b9",5591
"0x530E5C45083983dA93784691AB6C6e7C541eB370",90
"0x6bB574d3ca6a24A74ab4112799Af1C13d676af6f",5027
"0x917e3ddf8cBb31fD26D68FaF8Ae587CF40858E1e",5012
"0xA9bE58BB018A6937c5c5b94B980c0B31FA571918",5064
"0x3F2bce96B93B58210126f597858D5EE2a980a574",4765
"0x332D56d481Da974ae2956B6180c7A413ADC15b88",4832
"0xBf692a5C58F40789bE47B532D6277143CfD4d0eF",4841
"0x6C05A719917dBb098B86f9e3a30BCE55E6CcF39e",5639
"0x85A30Ede5E46029457e20D55427eE8673FaD7762",5032
"0x0D439E560aa68b1C5A4580084d55D251C8F5bEF9",5085
"0xa517A89CF035AF6d1d9c3a139258578c175DC282",4773
"0x16b3A801784E8e9a2ea7c58A9B44C4d64158f755",4811
"0xf30e89f30764b089216f10AFA3708f3b674E6a5b",102
"0xd2C81Ec891fE3e88dD7bf4Ce854D2a8fdC54114b",113
"0x8EC229d4c95138f74bf768D036AD5495C217622A",4786
"0x7B02a95f1A357eB5Cf1D1E37D8E3767158976C72",5551
"0x3dB5743B936CB7280fdd475562b0942e31843337",4996
"0xb79E192D7AFB6aDd4A7d69fc95da2A846b1EE73f",5615
"0x2a16002aBb57644BDD6A4C65810bf308B2C2DbC7",88
"0xd8117BC2e73DdC73DBeFda465DC5ac0e82E6Df8c",84
"0xDDf8dA887a1D5C07d05A948856b79DaB091efc78",5668
"0x4B172f828501Ba3a650C36B3Dcf9af3e06BaE5D3",4898
"0x20Fe60d798c9DAf3A7fcEefD356303d8733aeEFa",5529
"0x162277F7e858eccD83813Aa4D9417DE5fd3f2b72",4821
"0xEBc6700beA1F342577f5763a3f89D72B22440074",5009
"0xb88E0f52cdC7791477d2878A0898989d69F4D03C",5634
"0x6b3fA94cE1DD458f417E29bcd62f4149d8729114",75
"0x077efc443ef9564F681BE78213B5786a95BC6d5F",5010
"0xC0072c5793771a7563F43698a4710Ba56BD6d9a8",4943
"0xB3eA67EfC04Bf12232D6B7502465b7875729C26D",4909
"0x2C72bc035Ba6242B7f7B7C1bdf0ed171A7c2b945",4787
"0x0AFA70ADB3c7039DDE358292CE178cca174eC66f",5616
"0xaE80429FE8AFFEc9b2de3fEA1B4e139588AEE4b3",46
"0x1e92C7B70Bb5F0298f7CEb32a7B9C72A4dcB69FB",5041
"0x16a62ca3066E74F2b7E1D006DA7627C5578e57a5",5530
"0xA748D651Dc46B0Fa88DeF336E1eDB518e8566fDF",4778
"0xA5Fd8AA778a554A88EcF80d5545a59D1892fF3DF",4988
"0xE675C35eBb5715E00Dc5d5D47763D050Dcc6aDC5",5554
"0x775A1A552D42e282078AE98EA0B339c5E3a22E68",64
"0x9ced44Ca3317d8d36a200c2b1A85161912180708",4827
"0x7c715B4F831Fe71c15f86d36a7ea39D92E71B306",5084
"0x0bed5DAf7070108bD289C79FF4cfEA144c986c3f",5647
"0x5f3fEa69BfC3fe51E9E43e3BE05dD5794AC50AB6",4911
"0xB215AAE9293EB0e688811f8d8Dc161491295fDb1",5629
"0xB7717fEc8576807bf76d12c90F7e05748f3a2E3f",4960
"0x356B00E58Bd8DF16689f65e2d19bF831c3DF4B47",4819
"0x447612E1F88107667A6CCEae7A839393b5F13489",4794
"0xc8F1816E996236f53AaD73d1aE93Fd0d7B36F23c",5546
"0x7d3206271fDDc093ac6B62D95b0fBa40ff1AE854",96
"0xE24cCa1B33fD613D957CFB067f42FD7dcA155F63",5592
"0x9116BcFf11c1A15FF03Fdb0976D3De29b859E8F3",4969
"0x9Fa2aa69965b015C376A78cCAe4aBc92c98a4bF1",4856
"0x88F3e6fCC35B40FB28232FD21b70F8e73eC1D385",5619
"0x52ABe6A75eaaED6545b615eC4e0d08E689e84cC5",4810
"0xDD0C086C57A4Fe9cE24349733f547cec8D9C8518",5590
"0x9ABE69Fd152723Cb3180bbbC795F9c51Ed125E23",5564
"0xb617bF66b848D301C4fd2db586a244A5C07e2EC0",42
"0x9F20881b10c3815972205c5b330499032aA62eAf",5056
"0x8C0E7134D2706b6F6F722F46a16a1059d6a6891D",135
"0xDF37Cab4c874D20Ce3e07171A0507aAfAad794BD",4874
"0xB27C03F47F45d69231F94814CCB2dFeD1eC29204",4861
"0x452f39e458890428339004dda64a4c03c6573608",5561
"0x6e757dE23ce09146Ae3996343aFb0980dC243db1",4883
"0xfb363b7D7a1c065356442829F03C84F9660CE1e2",148
"0x36daEC5c38cEbd6281DDE31f07F26a95125480d1",4809
"0x1dfc4B48987Db1b970FA96AA1AB07dc895D89a70",4780
"0x71BF184230bF6D412854fffEF1fcf88E62395e8b",5543
"0x0C0a3F7f65A522f558D0EF40dFe9498124F570aB",133
"0x176e7Dc68e53C42dC60ad2c3dC75968b50F88D20",5035
"0x9BFFD9bc367c93e4cc9F27588E74175Ec4a6D31E",4978
"0xBFfC9808424fc904d54653425f6a011F039333ca",131
"0x5e207C60Ff93BaE1Dd37622712dB282a4a056F17",4890
"0xf297775732Ae3f8bC4480018846bBd7065983100",5036
"0x1e649B33B1f9BFD0621bDdaE2d26D22Ab0224D42",5054
"0xC8f722432AeEfacb0bA5f70EC80867e3945304a6",5641
"0x5343f915832cE8AacCa39D7Bd44C2F4b9EEb68C6",98
"0xBaE039C848CaDd71669eBd32a1673722F014F241",51
"0xe6835BD3015682f0f67a91AcfcaE8f6fA8c0138c",4840
"0x22E577F08b4984D64C57e779e244A4788507c018",119
"0x6d65812C8E23fD862e4ad2f8Ec1605c9a7838C6F",5649
"0x52052b5cB3606EA176eDaCB63f96521F63bd305C",5528
"0x5ad9AA1C7B1cc032A216b43A9b64d19d555Cd579",5068
"0x1e6ECB95B8979fDfA1aaAa118C841F84B783c581",4889
"0x6201E1966444da049e1784648208aecb7565D637",5034
"0x80C5417c207aAa9dc0Ae6D3803CE54559712d892",4975
"0x5Ec2c21f19A9A33173F6Ee1D8a8cEeB73722C6bf",4991
"0x7DE6502278a9CD229C45F9476232A02bec35F1d8",4837
"0x52b1180367D47f64a7De5535Abe78c8e16f735ef",4829
"0xE6cdBaa94B7758A7A7D996541d46B5E92FF69C4e",4742
"0x5d55881cD122853f6363ff31336d2935109dBE33",5623
"0xafcbc05B070fc9408842828Da1024211e445d523",4914
"0x4e9847AF495936b052609a3add574Dda0A9aE9d6",4995
"0x542C9811456570F037A30d5e78eDc08DB8d37441",83
"0x006DD3B3982156251BB30Cc62504E97F38fcaaeC",149
"0xc40915B77DcEB81a7AB371A64daEd4E02258477e",5583
"0xEc64Be9dF778feb203bD3f1AAf88BD4D995B9095",4834
"0x5C92eA781dC3B9Cdbb6917a20eeF6dbe613C78a7",4982
"0x30B38511086bcb20E974E138dae5EB3F54d1Da64",5662
"0xb6eC5759AD4C0734d5603Bb539570b0E8EBbB4F4",4976
"0xa6D028a009E9905011426A181De0cE1dC0a8C64C",134
"0xA5A1917ffC2Ea105feCB69D035f127908e8f1b13",4897
"0xFa5d039565e21876F69cF35c55e32120176E1309",4858
"0x19Cd1978d96D0B9f00d08Ed386b911659f9a0088",5005
"0xb2F6CDA4dB9731E29Be9fAb47578811c5f5C35a0",4956
"0xCd19EE44c01A23595be9e288089543A32b9cA4b5",4789
"0x54180973eC6Fc6E7A8e58827532a4908cEb6a30c",47
"0xD868E3019E677a9D71E4957A61d6D7931c4F4445",5090
"0x80e09203480A49f3Cf30a4714246f7af622ba470",4974
"0x7A4f6f02c4d70A135C420Db380EC4E3Da8b2D3AC",5073
"0x362517b7A6f548925618097c6C450e39854D76d6",103
"0xB75AB356e82FD26B284e693B15A0580df00a52Ae",5628
"0x9F9aE246DcB4BE0E68ccfCE58bb4Fc8C701bb5e4",5600
"0xEc6D3075F298059Dba525E7CB1114dbdF8A8f842",4763
"0x3A3Ab16FD7535B947c6Ec0F90CaD8A89cB84c45C",79
"0xa534c7Dc0ba4C9F93DBEaD8A8a5ae4F2DC4B542f",4905
"0x8bE0b7b8fa7274Ad892a9068ebBC5E745f76F73B",5669
"0x1d783e003b384c7cD0678E352b96fD80AA6c91e6",4826
"0xdB6b6395B8a748Ea7e9df7AAC3a79F184A37651d",4769
"0x16cddc5ADb0f952eD9aba65D7433D46322102720",5566
"0x18389b410bdaE47C02eDBBBC5220ce280DeF1318",5537
"0x9BA100dB2C3D3Cd66f5AEE5500eE9BEB939CA99d",54
"0x61E0841d103D77325e7743d1ff7117efE7c2C9f6",4936
"0x4a9cbba44316E45C2Fdc3003ab98eAbb5E97CD3D",4891
"0xF0E751bFB4e1e3157a0789411357409DC8185bde",5673
"0xBaEf378EAD17a3a19b0409a451D8659537deDAEa",5656
"0xa9e0207aFe97a6992004AB049Ac53A1067D7FBAB",5605
"0x6332aDD2D482Ca5279D8B8C7518e2747dBf3FC85",5087
"0x6C198974417a58E0B03F13D0a87AE3C4147C27Ca",4803
"0x707338BA6749bb718eb3eeA7b289a11f77B27981",4937
"0xf8453F1892e718Fc1C15B2C958cD134d8b1aBCa6",60
"0xE80271FC093D8d19E97f0D5820F0E3cfe0e44887",5059
"0x44c21F04012495fd29a7CaC41Bf33a540856309D",5533
"0xc8c54d0Cea1b68fC63acB2Ef4BE9FE3d5EA30444",5559
"0x48094d61bEbBbaefC3812843bD688AC211b317A6",5534
"0xf6b5F6B9F1624C6426d0A0bb1eBe7D8dBff1F9a3",5021
"0xd1EF8Daa6b32775270eC223aAc8643c57688d6cb",5103
"0xab6a7C02C18563E39812FFABAAd8E29f0D890565",4964
"0xdf4383Bc0855768ABa61E7d38310AF03249eE4C5",116
"0xf248d9df55bb5187C855C5CEC4898bFc8375979f",4952
"0x8Ab1882333E36f4787876699288eb55fb3C2Bb82",4998
